{
  "$schema": "https://raw.githubusercontent.com/spdx/spdx-spec/v2.2.1/schemas/spdx-schema.json",
  "spdxVersion": "SPDX-2.2",
  "dataLicense": "CC0-1.0",
  "SPDXID": "SPDXRef-DOCUMENT",
  "documentNamespace": "https://spdx.org/spdxdocs/evoleap-licensing-x64-windows-0.5.0-498ab3ca-8805-4f69-bed0-02aa0c06f22a",
  "name": "evoleap-licensing:x64-windows@0.5.0 21a53989a26553fda8b133a687cc256ed016780c63437fcfb9727178e4860264",
  "creationInfo": {
    "creators": [
      "Tool: vcpkg-2024-09-30-ab8988503c7cffabfd440b243a383c0a352a023d"
    ],
    "created": "2024-10-11T15:18:45Z"
  },
  "relationships": [
    {
      "spdxElementId": "SPDXRef-port",
      "relationshipType": "GENERATES",
      "relatedSpdxElement": "SPDXRef-binary"
    },
    {
      "spdxElementId": "SPDXRef-port",
      "relationshipType": "CONTAINS",
      "relatedSpdxElement": "SPDXRef-file-0"
    },
    {
      "spdxElementId": "SPDXRef-port",
      "relationshipType": "CONTAINS",
      "relatedSpdxElement": "SPDXRef-file-1"
    },
    {
      "spdxElementId": "SPDXRef-binary",
      "relationshipType": "GENERATED_FROM",
      "relatedSpdxElement": "SPDXRef-port"
    },
    {
      "spdxElementId": "SPDXRef-file-0",
      "relationshipType": "CONTAINED_BY",
      "relatedSpdxElement": "SPDXRef-port"
    },
    {
      "spdxElementId": "SPDXRef-file-1",
      "relationshipType": "CONTAINED_BY",
      "relatedSpdxElement": "SPDXRef-port"
    }
  ],
  "packages": [
    {
      "name": "evoleap-licensing",
      "SPDXID": "SPDXRef-port",
      "versionInfo": "0.5.0",
      "downloadLocation": "NOASSERTION",
      "homepage": "https://elm.io/",
      "licenseConcluded": "NOASSERTION",
      "licenseDeclared": "NOASSERTION",
      "copyrightText": "NOASSERTION",
      "description": "C++ library for the evoleap licensing manager (elm)",
      "comment": "This is the port (recipe) consumed by vcpkg."
    },
    {
      "name": "evoleap-licensing:x64-windows",
      "SPDXID": "SPDXRef-binary",
      "versionInfo": "21a53989a26553fda8b133a687cc256ed016780c63437fcfb9727178e4860264",
      "downloadLocation": "NONE",
      "licenseConcluded": "NOASSERTION",
      "licenseDeclared": "NOASSERTION",
      "copyrightText": "NOASSERTION",
      "comment": "This is a binary package built by vcpkg."
    },
    {
      "SPDXID": "SPDXRef-resource-1",
      "name": "",
      "downloadLocation": "git+@",
      "licenseConcluded": "NOASSERTION",
      "licenseDeclared": "NOASSERTION",
      "copyrightText": "NOASSERTION"
    }
  ],
  "files": [
    {
      "fileName": "./C:/source/evoleap.licensing.cpp/src/vcpkg-overlay-ports/portfile.cmake",
      "SPDXID": "SPDXRef-file-0",
      "checksums": [
        {
          "algorithm": "SHA256",
          "checksumValue": "41db9235850d629b4846876e86a9650d697b4c3edb484646180a1f2fa99e30c7"
        }
      ],
      "licenseConcluded": "NOASSERTION",
      "copyrightText": "NOASSERTION"
    },
    {
      "fileName": "./C:/source/evoleap.licensing.cpp/src/vcpkg-overlay-ports/vcpkg.json",
      "SPDXID": "SPDXRef-file-1",
      "checksums": [
        {
          "algorithm": "SHA256",
          "checksumValue": "15c5c6968b0d8017d9198acc60a83e4ac2ee4b00e8286a5c1cf8a4944071fded"
        }
      ],
      "licenseConcluded": "NOASSERTION",
      "copyrightText": "NOASSERTION"
    }
  ]
}
